epoch,steps,cosine-Accuracy@1,cosine-Accuracy@3,cosine-Accuracy@5,cosine-Accuracy@10,cosine-Precision@1,cosine-Recall@1,cosine-Precision@3,cosine-Recall@3,cosine-Precision@5,cosine-Recall@5,cosine-Precision@10,cosine-Recall@10,cosine-MRR@10,cosine-NDCG@10,cosine-MAP@100
1.0,3456,0.41358024691358025,0.5401234567901234,0.5802469135802469,0.6358024691358025,0.41358024691358025,0.03591949660007532,0.3559670781893004,0.07618548591690533,0.31234567901234567,0.1020465312711386,0.262962962962963,0.14486508805107076,0.48665245933764456,0.3228457786036352,0.18189368644599344
2.0,6912,0.4228395061728395,0.5493827160493827,0.6049382716049383,0.654320987654321,0.4228395061728395,0.0322883623029016,0.35699588477366256,0.07236122853868328,0.32716049382716056,0.10686503347598311,0.27901234567901234,0.15557980927131249,0.4983465608465607,0.3353216638399202,0.19553752829370563
3.0,10368,0.41358024691358025,0.558641975308642,0.6111111111111112,0.6728395061728395,0.41358024691358025,0.02895688269003009,0.3724279835390947,0.07581705352174316,0.3450617283950618,0.10917394202532232,0.29444444444444445,0.16731616125395354,0.4971230158730158,0.34984276645220014,0.2059202213894641
4.0,13824,0.43209876543209874,0.5462962962962963,0.6018518518518519,0.6666666666666666,0.43209876543209874,0.030722616884446892,0.3693415637860082,0.07611689530960028,0.3450617283950618,0.10812027394466062,0.29444444444444445,0.16688909440612293,0.5037098275524201,0.3512191859400623,0.20832149187919632
